user,psycho_risk
Maisie Maggy Kline,0.545
Nicole Tanya Burt,0.45
Madeline Tatum Donaldson,0.508
Nicholas Hamish Browning,0.41700000000000004
Hoyt Berk Wiley,0.45799999999999996
Patience Lesley Mccoy,0.5469999999999999
Ulric Kirk Guthrie,0.41500000000000004
Guinevere Lisandra Chang,0.46699999999999997
Ulric Ciaran Dunlap,0.4700000000000001
Coby Baxter Nguyen,0.405
William Fulton Vega,0.522
Eaton Cade Dillon,0.519
Prescott Coby Key,0.43399999999999994
Tiger Axel Gates,0.5710000000000001
Walter Talon Conway,0.505
Thaddeus Rigel Baker,0.44799999999999995
Anne Stacey Burton,0.543
Daquan Alden Conley,0.45299999999999996
Silas Nasim Clark,0.513
Urielle Amy Middleton,0.45399999999999996
Darrel Naida Walton,0.536
Nayda Regina Oneil,0.522
Thaddeus Mohammad Thomas,0.49200000000000005
Shelby Noelle Cunningham,0.5680000000000001
Maia Alika Stevens,0.5920000000000001
Adele Calista Blevins,0.525
Scarlett Jenette Callahan,0.586
Samuel Kaden Barlow,0.4660000000000001
Jeanette Serina Battle,0.497
Nora Brooke Porter,0.509
Clayton Alden Hodges,0.499
Alden Chaim Jones,0.512
Christopher Kaseem Rose,0.5690000000000001
Reese Jonathan Walls,0.507
Ezekiel Blake Quinn,0.499
Belle Clio Cole,0.526
Janna Maggie Kirby,0.5619999999999999
Allegra Genevieve Buckner,0.46599999999999997
Hollee Shafira Griffith,0.603
Shelley Fallon Small,0.45499999999999996
Tatyana Lavinia Wilder,0.502
Lee Tasha Santiago,0.538
Hakeem Dillon Whitney,0.47300000000000003
Zachary Wesley Stuart,0.42100000000000004
Dora Willa Rodriquez,0.526
Gwendolyn Darrel Camacho,0.43800000000000006
Imani Lara Glover,0.498
Michelle Aiko Clemons,0.548
Magee Cody Wong,0.42500000000000004
Oren Aristotle Jarvis,0.44999999999999996
Brenden Cody Bryan,0.519
Grady Tarik Conrad,0.47600000000000003
Brock Talon Garner,0.43900000000000006
Jolie Harriet Perkins,0.456
Unity Tatyana Mullen,0.519
Hedley Timothy Rowland,0.4740000000000001
Orson Curran Watts,0.5
William Baxter King,0.51
Kirk Gage Lynch,0.5850000000000001
Ethan Branden Garrett,0.5660000000000001
Tashya Camilla Craft,0.4169999999999999
Kenneth Patrick Mcconnell,0.41100000000000003
Paul Acton Goodwin,0.551
Ria Kyla Cline,0.48
Todd Baker Melendez,0.523
Karina Melanie Collins,0.45400000000000007
Jonathan Demetrius Sanders,0.439
Lionel Isaac Jacobson,0.507
Thomas Channing Acosta,0.543
Sylvia Joan Prince,0.491
Kelly Eaton Oneil,0.428
Olga Hanae Stuart,0.552
Raphael Kennan Finch,0.507
Ulla Megan Henry,0.46699999999999997
Bert Clayton Langley,0.524
Derek Casey Decker,0.44699999999999995
Kaye Blossom Gaines,0.469
Gay Adele Foreman,0.508
Callum Reese Raymond,0.498
Cameron Tallulah Marks,0.609
Dolan Nolan Thornton,0.497
Derek Thor Conrad,0.5680000000000001
Venus Casey Massey,0.44499999999999995
Karyn Janna Wynn,0.40900000000000003
Benedict Otto Snow,0.431
Celeste Amethyst Bright,0.495
Dexter Harrison Pacheco,0.451
Jasper Dorian Glover,0.528
Rowan Faith Carrillo,0.543
David Zachary Hale,0.581
Maia Tasha Porter,0.474
Portia Kerry Spears,0.551
Lani Roary Wiggins,0.5630000000000001
Cathleen Leah Gates,0.536
Hoyt Mason Weeks,0.45699999999999996
Quinlan Graham Case,0.45899999999999996
Jamalia Daria Riggs,0.46799999999999997
Rose Maisie Blackwell,0.5750000000000001
Xander Brady Kramer,0.48600000000000004
Hannah Michelle Mills,0.53
Luke Nicolas Sims,0.512
Kirk Dustin Lancaster,0.495
Louis Kirk Logan,0.4600000000000001
Baker Grant Rodriguez,0.473
Madonna Shellie Shannon,0.43200000000000005
Patience Heather Yates,0.478
Martina Macey England,0.5730000000000001
Nelle Regan Roman,0.43400000000000005
Preston Charles Bartlett,0.484
Amity Kylynn Puckett,0.541
Miranda Hilda Paul,0.531
Odysseus Colt Day,0.41400000000000003
Ignatius Yuli Henry,0.547
Demetrius Stone Hansen,0.42999999999999994
Leo Henry Dotson,0.42200000000000004
Christopher Abbot Gilbert,0.42100000000000004
Harding Robert Riddle,0.432
Vanna Charde Fowler,0.545
Zachery Oleg Coffey,0.476
Ann Christine Moreno,0.481
Priscilla Roary Larson,0.46599999999999997
Ruth Allegra Skinner,0.5720000000000001
Nathaniel Kane Nixon,0.49200000000000005
Kirsten Carol Lambert,0.45799999999999996
Darius Micah Pennington,0.45200000000000007
Jonah Garrett Buck,0.462
Medge Kellie Robles,0.546
Adrian Colin Burns,0.41700000000000004
Cedric Burton Henson,0.48
Ashton Robert Gardner,0.45399999999999996
Fulton Adrian Dudley,0.508
Lawrence Hyatt Ayala,0.485
Jeanette Josephine Henson,0.489
Carson Christopher Pena,0.47000000000000003
Nicholas Chester Underwood,0.42500000000000004
Abra Willow Warren,0.548
Cassady Rachel Daniels,0.5800000000000001
Harrison Malcolm Irwin,0.491
Stephanie Charde Conley,0.499
Nichole Ignacia Mccarty,0.44
Keefe Benjamin Rodriquez,0.527
Marshall Elliott Blackburn,0.46699999999999997
Grace Uta Townsend,0.532
Macy Urielle Patterson,0.43000000000000005
William Orlando Gomez,0.42799999999999994
Daryl Carly Cohen,0.421
Upton Gannon Bryant,0.56
Damon Howard Pace,0.465
Samuel Forrest Guthrie,0.46399999999999997
Isabelle Karen Bentley,0.501
Colleen Belle Collier,0.541
Kamal William Melendez,0.529
Deborah Hadassah Riley,0.45799999999999996
Georgia Kevyn Glass,0.553
Hilda Veronica Moran,0.478
Arthur Kenneth Schultz,0.473
Yeo Hannah Oneal,0.461
Dylan Emmanuel Osborne,0.4680000000000001
Christine TaShya Thomas,0.44200000000000006
Chandler Berk Kidd,0.41100000000000003
Kitra McKenzie Hurley,0.547
Driscoll Lewis Hurst,0.48700000000000004
Courtney Aurora Padilla,0.567
Allistair Nero Munoz,0.476
Zoe Oprah Franks,0.44200000000000006
Jolie Imogene Pennington,0.486
Kenneth Jackson Nichols,0.508
Ursa Beverly Griffith,0.43899999999999995
Nora Alma Booth,0.522
Callum Nissim Moody,0.4620000000000001
Aaron Caleb Haney,0.444
Carissa Kaye Parsons,0.502
Rae Chiquita Henry,0.487
Avye Aimee Wells,0.547
Murphy Dale Berry,0.524
Edward Hasad Melton,0.44099999999999995
Dalton Phelan Clements,0.461
Aretha Constance Duke,0.553
Marcia Galena Mendoza,0.5960000000000001
Ina Tallulah Ayers,0.538
Wyatt Ahmed Shannon,0.486
Hedda Sonya Taylor,0.545
Asher Oscar Powers,0.44400000000000006
Rooney Walker Pruitt,0.591
Marcia Melissa Rowland,0.537
Trevor Carl Lawrence,0.47
Olympia Nerea Bonner,0.483
Ivana Rosalyn Petersen,0.42300000000000004
Carly Bell Witt,0.548
Azalia Casey Castillo,0.544
Zena Angelica Duncan,0.484
Asher William Wheeler,0.481
William Ciaran Ortega,0.5619999999999999
Jeremy Kevin Mcleod,0.496
Ian Lucian Mcdowell,0.519
Jeanette Ima Trujillo,0.40900000000000003
Madonna Mary Buckner,0.562
Pearl Bertha Cortez,0.569
Ferdinand Abraham Roy,0.548
Wanda Callie Benson,0.41900000000000004
Chanda Nell Harris,0.474
Inez Nyssa Callahan,0.44299999999999995
Carly Karly Long,0.45300000000000007
Nicole Carissa Mendoza,0.477
Silas Paul Hurst,0.444
Elizabeth Aurora Hardin,0.5640000000000001
Ferris Kasper Horton,0.418
Eugenia Unity Nixon,0.54
Meghan Morgan Colon,0.526
Jolie Abra Travis,0.471
Melodie Denise Sykes,0.527
Quentin Nicolas Boyle,0.536
Jeanette Larissa Cochran,0.54
Emerson Griffin Mathews,0.544
Nicholas Todd Vincent,0.509
Joshua Bradley Raymond,0.538
Tatyana Aimee Johnston,0.61
Ila Deborah Bishop,0.548
Yolanda Imelda Newton,0.553
William Zephania Bryant,0.503
Whitney Moana Santos,0.5730000000000001
Carol Elizabeth Gomez,0.507
Sarah Liberty Franklin,0.544
Bruce Darius Maynard,0.44700000000000006
Rhonda Molly Terry,0.479
Zoe Ebony Henry,0.5790000000000001
Colleen Lacey Cochran,0.476
Michael Orson Nielsen,0.557
Frances Athena Hopkins,0.46699999999999997
Heidi Uta Mitchell,0.471
Althea Sage Thornton,0.5880000000000001
Lesley Ann Dennis,0.425
Aphrodite Aline Collins,0.603
Ashely Amity Rose,0.551
Piper Jane Black,0.486
Emerald Kathleen Roman,0.539
Scarlet Chanda Hicks,0.511
Dominique Miranda Juarez,0.478
Theodore Benjamin Fowler,0.5030000000000001
Colleen Lois Lang,0.456
Hamilton Palmer Cortez,0.45599999999999996
Guinevere April Taylor,0.545
Francis Caleb Garza,0.45099999999999996
Evelyn Joy Webb,0.561
Herman Noah Doyle,0.472
Brian Nicholas Thornton,0.518
Nicole Zorita Leon,0.41900000000000004
Akeem Ignatius Hester,0.523
Kermit Reece Crosby,0.5650000000000001
Amal Armand Lopez,0.535
Matthew Gannon Simmons,0.5640000000000001
Ava Fay Nicholson,0.42700000000000005
Chelsea Ivory Mccullough,0.5619999999999999
Oscar Tad Evans,0.53
Ava Cleo Hebert,0.523
Keegan Gannon Dickerson,0.509
Cadman Jesse Lester,0.4760000000000001
Calvin Nicolas Marshall,0.5690000000000001
Carlos Elijah Moody,0.48100000000000004
Fuller Armando Murray,0.504
Lavinia Idola Ballard,0.5
Tyrone Reece Berg,0.47100000000000003
Willow Odette Mckinney,0.493
Elijah Russell Riggs,0.496
Donna Erin Black,0.499
Alyssa Cherokee Brock,0.48
Lesley Kylee Butler,0.46399999999999997
Nichole Barbara Hines,0.45499999999999996
Josiah Paul Kennedy,0.508
Jael Robin Chavez,0.47300000000000003
Tana Portia Orr,0.509
Selma Tatyana Warner,0.562
Sara Tallulah Hopper,0.527
Omar Robert Rice,0.44100000000000006
Benjamin William Morales,0.44200000000000006
Paloma Gail Yates,0.533
Hyatt Nicholas Johnston,0.51
Tarik Kamal Preston,0.484
Carl Deacon Dunlap,0.48300000000000004
Leonard Flynn Bender,0.43400000000000005
Wing Scott Weeks,0.46099999999999997
Reagan Zephr Ballard,0.523
Felix Ian Mclean,0.495
Amethyst Cleo Witt,0.45499999999999996
Bree Kevyn Lee,0.536
Chandler Evan Galloway,0.507
Vance Alec Huffman,0.536
Caleb William Rich,0.44499999999999995
Adrian Fitzgerald Walker,0.5670000000000001
Reuben Gavin Alston,0.481
Merritt Christopher Snow,0.486
Carter Herrod Levine,0.464
Walker Paki Lamb,0.494
Ina Rose Puckett,0.555
Cameron Arsenio Fuentes,0.495
Melyssa Ivana Barrera,0.5630000000000001
Giselle Nita Gregory,0.476
Chastity Aurora Bonner,0.485
Justine Eliana Cleveland,0.46599999999999997
Myra Carolyn Tillman,0.495
August Lawrence Burns,0.472
Wang Clark Rice,0.41200000000000003
Timon Daquan Frederick,0.487
Magee Conan Vazquez,0.45799999999999996
Rae Yetta Greer,0.559
Regina Orla Anderson,0.506
John Thomas Britt,0.48300000000000004
Gray Rashad Keller,0.45599999999999996
Joy Tamara Faulkner,0.403
Naida Isadora Velazquez,0.499
Desirae Quintessa Mclaughlin,0.531
Raymond Edward Larson,0.52
John Robert Buchanan,0.44000000000000006
Zena Anne Carlson,0.543
Cora Kylan Russell,0.45999999999999996
Prescott Amir Moses,0.5720000000000001
Xander Ashton Wade,0.42600000000000005
Burke Barry Hendrix,0.481
Jaquelyn Eugenia Hull,0.512
Neve Rhoda Harmon,0.523
Kevin Valentine Cleveland,0.542
Henry Dolan Castillo,0.463
Jane Raya Wooten,0.47400000000000003
Wayne Lyle Parsons,0.486
Ivan Ezekiel Petty,0.41900000000000004
Kuame Nathaniel Maxwell,0.5660000000000001
Caryn Brielle Maynard,0.549
Audrey Ria Dennis,0.5840000000000001
Dante Dexter Watts,0.492
Myles Marshall Rutledge,0.512
Hilel Jin Salas,0.477
Mohammad Luke Wilcox,0.47
William Lyle Nichols,0.497
Cody Lyle Salinas,0.488
Leigh Carol Baldwin,0.512
Tamekah Barbara Padilla,0.431
Hedy Rhoda Estrada,0.43900000000000006
Kiara Emerald Watson,0.484
Beau Yardley Stevens,0.43600000000000005
William Isaac Reid,0.518
Cynthia Phyllis Davenport,0.42900000000000005
Dennis Eric Cook,0.45299999999999996
Giselle Mia Burt,0.508
Orli Lillian Mays,0.48700000000000004
Xena Jana Perez,0.516
Naomi Martha Vincent,0.47000000000000003
Veronica Deborah Blankenship,0.485
Donna Olga Little,0.491
Alyssa Lisandra Carroll,0.45000000000000007
Ferris Dante Shields,0.472
Jada Mariko Vazquez,0.48
Indigo Halee Christensen,0.439
Paul Adrian Preston,0.51
Hedy Gloria George,0.5589999999999999
Vivian Mercedes Douglas,0.5389999999999999
Brenden Tiger David,0.507
Vance Carlos Brennan,0.491
Bruce Deacon Marquez,0.5880000000000001
Oren Finn Austin,0.397
Lael Shaine Conner,0.458
Holmes Benedict Roberson,0.508
Sarah Delilah Trujillo,0.42100000000000004
Keelie Blossom Beck,0.52
Jeanette Deborah Bush,0.419
Joseph Wesley Stanley,0.546
Giacomo Allen Fitzpatrick,0.375
Aphrodite Eugenia Macias,0.534
Nicolas Cyrus Britt,0.42300000000000004
Maxine Unity Willis,0.521
Kirk James Hoffman,0.523
Drake Joshua Harrell,0.5940000000000001
Alan Justin Howard,0.471
Ivor Lamar Fisher,0.47200000000000003
Hannah Azalia Ellison,0.528
Anika Evelyn Ochoa,0.532
Jameson Oscar Ratliff,0.489
Orson John Coleman,0.472
Robert Ulysses Mckay,0.511
Erich Alan Luna,0.534
Rachel Quon Bishop,0.486
Hannah Rose Chase,0.52
Finn Dean Shelton,0.487
Lars Tarik Patterson,0.43300000000000005
Sharon Lee Slater,0.505
Eden Zelenia Beach,0.472
Stone Ronan Richard,0.44499999999999995
Dieter Amal Emerson,0.495
Germaine Yetta Patel,0.488
Dillon Boris Kaufman,0.479
Aquila Peter Rosario,0.48800000000000004
Sacha Sylvia Soto,0.51
Edan Garrett Fletcher,0.5660000000000001
Rina Adena Horn,0.498
Charles Steven Benton,0.52
Silas Dylan Luna,0.541
Nicholas Brent Blair,0.41300000000000003
Macaulay Reese Huffman,0.558
Daniel Aquila Chandler,0.49200000000000005
Beau Addison Townsend,0.497
Hanae Rama Thomas,0.457
Giacomo Graiden Madden,0.46199999999999997
Ocean Jeanette Pacheco,0.5499999999999999
Summer Melissa Kent,0.512
Theodore Christian Park,0.47600000000000003
Channing Paki Diaz,0.512
Moses Dalton Kinney,0.393
William Brady Parsons,0.43999999999999995
Connor Kieran Marquez,0.462
Isaiah Cody Baker,0.471
Amos Albert Carney,0.514
Abdul Nehru Harvey,0.4690000000000001
Mara Priscilla Farrell,0.536
Fitzgerald Aidan Manning,0.4630000000000001
Isadora Lila Johns,0.5640000000000001
Emma Amethyst Montoya,0.558
Amelia Kay Stein,0.45699999999999996
Micah Chase Hart,0.45400000000000007
Cathleen Mercedes Chaney,0.5810000000000001
Blair Robert Meadows,0.461
Alfonso Octavius Hatfield,0.43400000000000005
Serina Mariam Nicholson,0.579
Cade Wesley Clayton,0.491
Rhoda Ayanna Stanton,0.46199999999999997
Jakeem Ferris Cash,0.549
Josiah Malachi Ashley,0.457
Dahlia Stephanie Coleman,0.5
Fatima Kevyn Sutton,0.515
Jane Regina Craig,0.522
Marshall August Mullins,0.473
Farrah Wynne Townsend,0.43699999999999994
Kennan Erasmus Stewart,0.524
Hyacinth Nelle Petersen,0.526
Aline Montana Burgess,0.539
Jada Uta Petty,0.473
Stone Wyatt Blackburn,0.48300000000000004
Evan Price Juarez,0.493
Desirae Denise Mcdonald,0.519
Bert Chaney Carver,0.43600000000000005
Keiko Quon Mccarthy,0.549
Patrick Fitzgerald Manning,0.41600000000000004
Ronan Philip Jimenez,0.513
Ross Raphael Schwartz,0.524
Regina Rinah Gross,0.501
Pandora Rachel Head,0.44199999999999995
Quentin Kamal Beasley,0.545
Darrel Jessica Jarvis,0.42300000000000004
Adrian Chaim Hughes,0.521
Hillary Madaline Kaufman,0.44299999999999995
Hamilton Gareth Goodman,0.512
Charissa Ivory Sykes,0.508
Sarah Kiayada English,0.484
Marcia Calista Sawyer,0.4580000000000001
Kuame Melvin Norris,0.514
Xaviera Jillian Bond,0.381
Moses Murphy Oneal,0.569
Xaviera Deborah Gallegos,0.485
Cole Travis Hubbard,0.41700000000000004
Kane Kuame Stein,0.44600000000000006
Damian Coby Sellers,0.438
Noble Garrison Blake,0.534
Charity Lunea Lowe,0.43400000000000005
Dawn Caryn Vang,0.512
Amery Raphael Foley,0.45399999999999996
Owen Denton Barber,0.46499999999999997
Isadora Rhea Nunez,0.46499999999999997
Blaine August Garrett,0.505
Xena Kirby Bradley,0.489
Jackson Timothy Sullivan,0.504
Brennan John Gould,0.489
Kirk Omar Lewis,0.472
Madeson Rhiannon Wolf,0.46399999999999997
Axel Grady Heath,0.44300000000000006
Cody Hall Phelps,0.537
Ahmed Rahim Perkins,0.42800000000000005
Raymond Allen Valencia,0.489
Rhiannon Deborah Brooks,0.497
Rogan Dexter Cantrell,0.46799999999999997
Chaim Abel Davis,0.46799999999999997
Larissa Petra Lee,0.513
Mechelle Nicole Miles,0.503
Camden Blair Powell,0.434
Malachi Jack Riddle,0.397
Wing Castor Nixon,0.508
Ivana Rose Holland,0.5680000000000001
Kaseem Rashad Marks,0.546
Talon Ivan Rutledge,0.46599999999999997
Wynter Shea Kelley,0.536
Dorian Amir Hughes,0.505
Travis Igor Hatfield,0.605
Vanna Wynne Mcbride,0.45499999999999996
Sacha Karen Navarro,0.561
Graham Dylan Dixon,0.45999999999999996
Levi Clayton Whitney,0.435
Richard Justin Stout,0.41400000000000003
Mikayla Daria Nguyen,0.523
Lyle Calvin Spears,0.519
Allegra Leila Mcclain,0.504
Kimberly Molly Graves,0.5670000000000001
Cameron Phyllis Chapman,0.453
Adrian Brett Lewis,0.472
Beverly Neve Simon,0.557
Zahir Duncan Hull,0.42700000000000005
Harrison Yuli Vance,0.46799999999999997
Inga Yen Ferrell,0.5680000000000001
Ursa Serena Mccarthy,0.547
Lee Peter Skinner,0.502
Brendan Brock Rasmussen,0.477
Taylor Laith Williams,0.6020000000000001
Quentin Stephen Gilmore,0.509
Bevis Laith Whitney,0.589
Melyssa Alexa Freeman,0.493
Ila Marcia Roman,0.41100000000000003
Zachary Reuben Floyd,0.495
Alfreda Naomi Richmond,0.593
Hedley Gage Santiago,0.509
Xerxes Felicia King,0.531
Burton Scott Young,0.43500000000000005
Allistair Ross Mcclain,0.5680000000000001
Herrod Chester Mcneil,0.498
Howard Elijah Blackwell,0.437
Brandon Zahir Floyd,0.41900000000000004
Kermit Stuart Thompson,0.553
Silas Rajah Cameron,0.4600000000000001
Ross Ivan Park,0.513
Vivien Vielka Gregory,0.488
Zeph Vernon Wood,0.532
Georgia Cassidy Dean,0.518
Edward Benjamin Williams,0.41500000000000004
Lisandra Jeanette Paul,0.45399999999999996
Joel Isaac Bernard,0.4640000000000001
Ursa Myra Britt,0.477
Travis Julian Phelps,0.44000000000000006
Simone Blythe Peters,0.5449999999999999
Dolan Quentin Ratliff,0.45300000000000007
Zeus Burton Garrett,0.42500000000000004
Hanae Dara Lynch,0.43999999999999995
Riley Hayley Briggs,0.548
Deanna Raya Hoover,0.518
Maisie Kaden Wilder,0.499
Nichole Jane Conner,0.5509999999999999
Brendan Silas Odom,0.37
Urielle Adrienne Ratliff,0.491
Plato Arthur Anthony,0.395
Sage Emma Ortega,0.542
Herrod Brennan Sparks,0.5
Brian Herman Barton,0.456
Uma Nora Nicholson,0.588
Kamal Brady Cabrera,0.48800000000000004
Bethany Dai Mccarty,0.531
Cooper Lev Gates,0.487
Daquan Dominic Riddle,0.508
Isabella Evelyn Houston,0.565
Thaddeus Samuel Jefferson,0.458
John Xanthus Nolan,0.43199999999999994
Roary Audrey Harmon,0.544
Tanner Demetrius Curry,0.49600000000000005
Claire Lillith Daniel,0.41400000000000003
Jelani Yasir Cotton,0.40900000000000003
Shellie Elizabeth Levine,0.484
Kylie Kalia Pena,0.527
Christian Chaney Blevins,0.46399999999999997
Sheila Nicole Oneal,0.531
Xanthus Kamal Berger,0.579
Kaden Mason Mcclure,0.42000000000000004
Autumn Cameran Spence,0.522
Harding Alden Lester,0.522
Wyatt Dalton Talley,0.4740000000000001
Timothy Fritz Watts,0.49100000000000005
Quinn Jillian Hudson,0.5800000000000001
Maxwell Ahmed Gray,0.42700000000000005
Alfreda Josephine Spencer,0.482
Moana Avye Weiss,0.521
Joshua Kyle Berger,0.488
April Robin Velez,0.503
Zahir Upton Rutledge,0.387
May Adrienne Fox,0.397
Deborah Olga Hyde,0.527
Nadine Oprah Best,0.5690000000000001
Eagan Orson Gutierrez,0.5810000000000001
Xyla Alexa Odom,0.44500000000000006
Zephania Kuame Horton,0.44200000000000006
Lila Madonna Gay,0.488
Herrod Kibo Wallace,0.44799999999999995
Inga Karyn Whitaker,0.532
Julian Joseph Shaw,0.457
Ian Acton Reynolds,0.397
Andrew Wade Duke,0.48200000000000004
Bruno Ali Rogers,0.49
Vladimir Samson Blanchard,0.4720000000000001
Jeanette Sophia Osborn,0.44899999999999995
Alisa Jeanette Morton,0.472
Deborah Montana Wilkins,0.559
Colleen Althea Mclaughlin,0.478
Hollee Quynn Garrison,0.469
Jonathan Kasimir Buck,0.476
Hilda Halla Marquez,0.491
Zelenia Ann Reeves,0.44999999999999996
Denton Cadman Kane,0.422
Harlan Daquan Wall,0.5710000000000001
Jaquelyn Lani Chang,0.494
William Robert Hendricks,0.442
Curran Dustin Gray,0.545
Harper Len Leonard,0.48
Erin Vera Faulkner,0.496
Teegan Blaine Estes,0.43799999999999994
Acton Axel Martinez,0.46499999999999997
Alexandra Tamekah Dunn,0.558
Tanek Steven Harding,0.455
Dominique Karly Charles,0.636
Lara Cathleen Rich,0.537
Wallace Allistair Hicks,0.515
Heidi Brianna Hartman,0.542
Kelly Portia Mack,0.535
Nathaniel Emery Perkins,0.499
Nicolas Blaine Larson,0.46
Kay Lacey Wells,0.525
Sacha Meredith Webb,0.5760000000000001
Abdul Dale Holmes,0.558
Riley Larissa Molina,0.52
Oprah Samantha Snow,0.503
Mona Judith Alford,0.524
Yolanda Samantha Hurley,0.45199999999999996
Ahmed Flynn Compton,0.496
Reed Nathan Carpenter,0.41600000000000004
Ashely Haviva Nguyen,0.598
Roth Derek Wells,0.547
Palmer Hayden Peterson,0.49300000000000005
Judith Charde Keller,0.502
Eugenia Ingrid Wolfe,0.47100000000000003
Damon Ashton Dale,0.516
Melinda Hilary Mercer,0.518
Lyle Raymond Ferrell,0.488
Paki Kermit Fox,0.4610000000000001
Dawn Adara Leon,0.41500000000000004
Blythe Bree Bowen,0.41400000000000003
Laith Tanner Bates,0.42300000000000004
Charles Cullen Ruiz,0.45000000000000007
Kylan Riley Sherman,0.484
Priscilla Pascale Buckner,0.53
Jasper Joel Petty,0.518
Amaya Quail Clemons,0.487
Nolan Wayne Hawkins,0.448
Jordan Lisandra Davidson,0.477
Felicia Jacqueline Pate,0.45599999999999996
Ivor James Morin,0.4630000000000001
Samuel Edan Cooke,0.48
Tarik Stephen Blair,0.517
Sharon Wyoming Mendez,0.541
Shelby Isabelle Saunders,0.4570000000000001
Brock Demetrius Chapman,0.498
Graham Paul Silva,0.45500000000000007
Orli Kylie Holden,0.527
Joy Ina Todd,0.476
Shelly Scarlett Stevenson,0.549
Shoshana Leila Chavez,0.504
Uta Inez Savage,0.444
Forrest Robert Mcgee,0.519
Gannon Macaulay Conrad,0.40800000000000003
Kyra Zenia Mccoy,0.42700000000000005
Armand Linus Hoover,0.499
William Lee Nichols,0.5680000000000001
Declan Elvis Burnett,0.44100000000000006
September Pascale Buck,0.451
Daphne Phyllis Keith,0.484
Libby Alika Stark,0.522
Harding Ronan Cortez,0.48100000000000004
Kelly Meredith Kinney,0.49900000000000005
Marvin Abdul Wong,0.503
Rigel Hu Dawson,0.44800000000000006
Derek Stone Best,0.506
Nicholas Malachi Fields,0.47700000000000004
Herman Derek Austin,0.5630000000000001
Yoshi Natalie Obrien,0.46599999999999997
Erica Justine Olsen,0.528
Colorado Kamal Barr,0.508
Tobias Kenyon Howe,0.43700000000000006
Simone Bryar Nicholson,0.473
Kelsie Chastity Gross,0.572
Rina Darryl Tillman,0.553
Hadassah Basia Sandoval,0.41800000000000004
Samuel Kenyon Weaver,0.44000000000000006
Denise Naida Flowers,0.5
Oscar Ferris Suarez,0.515
Michelle Althea Page,0.601
Rudyard Tanek Hess,0.554
Honorato Baker Padilla,0.48900000000000005
Josiah Adrian Cantrell,0.48700000000000004
Selma Winifred Calderon,0.43400000000000005
Stephen Henry Charles,0.45499999999999996
Carolyn Cameran Curtis,0.45399999999999996
Sloane McKenzie Barnes,0.501
Grant Caleb Santiago,0.549
Hilary Britanni Frank,0.5549999999999999
Constance Lavinia Zamora,0.503
Erica April Guthrie,0.538
Imani Alexa Hahn,0.51
Gemma Isadora Baldwin,0.42000000000000004
Ashton Casey Roach,0.486
Herrod Jonathan Benton,0.457
Dara Clio Booker,0.499
Reese Stuart Mills,0.47300000000000003
Joel Murphy Stephenson,0.4870000000000001
Drew Quamar Shepard,0.511
Kelsey Celeste Justice,0.516
Glenna Mollie Fischer,0.385
MacKensie Ebony Mcdonald,0.46799999999999997
Cruz Chester Knowles,0.5910000000000001
Quinn Ramona Cole,0.42400000000000004
Rhonda Jescie Welch,0.545
Duncan Xerxes Fuentes,0.443
Calista Anne Dejesus,0.52
Hermione Ayanna Bowers,0.44699999999999995
Susan Lenore Zimmerman,0.44399999999999995
Jade Suki Holden,0.45699999999999996
Sigourney Selma Shepard,0.488
Bryar Constance Sampson,0.483
Prescott Harper Gentry,0.43500000000000005
Gareth Hop Mitchell,0.544
Louis Raymond Bailey,0.44800000000000006
Lana Jocelyn Herman,0.5640000000000001
Regan MacKenzie Puckett,0.41500000000000004
Carter Zachery Yates,0.495
Alexis Mona Hopper,0.44099999999999995
Martin Beau Maxwell,0.43700000000000006
Jonah Blaine Russell,0.43700000000000006
Mufutau Ivor Bryant,0.527
Bree Yuri Vargas,0.41500000000000004
Mira Jessica Kirkland,0.43500000000000005
Eugenia Shafira Mercado,0.5630000000000001
Armand Neil Sparks,0.501
Cooper Grady Weaver,0.492
Eden Tanisha Woodward,0.5640000000000001
Cherokee Amanda Chambers,0.519
Tatiana Alyssa Livingston,0.46599999999999997
Darius Porter Roy,0.505
Harriet Cassidy Patrick,0.454
Prescott Jasper Collins,0.43799999999999994
Karly Maxine Owens,0.525
Heather Kevyn Roman,0.487
Ignacia Tamekah Medina,0.444
Damon Benedict Beard,0.5800000000000001
Valentine Akeem Castro,0.561
Wynter Courtney Reyes,0.46799999999999997
Benjamin Devin Head,0.45
Garrett Rigel Salinas,0.402
Jerome Mufutau Merrill,0.46099999999999997
Patrick Nicolas Ashley,0.491
Shay Kitra Cash,0.42400000000000004
Noelle Karyn Moore,0.491
Dale Cooper Alston,0.469
Martena Ainsley Mcneil,0.475
Pearl Lilah Lamb,0.581
Driscoll Keegan Spears,0.43200000000000005
Neville James Jones,0.532
Naomi Carla Coleman,0.526
Nicolas Hoyt Anthony,0.404
Carl John Graham,0.483
Kaye Kylee Lowery,0.496
Christopher Phelan Small,0.44999999999999996
Felicia Dai Daugherty,0.42600000000000005
Callum Cedric Ratliff,0.482
Mohammad Gray Christensen,0.42800000000000005
Germane Chava Gonzales,0.524
Jada Keely Charles,0.514
Zane Abbot Hines,0.498
Boris Jonas Good,0.46699999999999997
Adena Jolie Bauer,0.512
Dora Cassandra Flynn,0.497
Moana Gemma Talley,0.506
Brennan Thaddeus Dominguez,0.46599999999999997
Colt Caleb Murray,0.51
Herman Neville Jacobson,0.45499999999999996
Kieran Blaine Baker,0.46299999999999997
Hasad Solomon Knowles,0.558
Hedda Imani Kline,0.484
Edward Ciaran Velez,0.47200000000000003
Sean Chaim Owen,0.442
Guy Grant Mills,0.461
John Ulysses Wolf,0.599
Valentine Rigel Preston,0.498
James Nero Brown,0.43299999999999994
Victoria Clare Hebert,0.473
Madaline Fallon Murphy,0.5680000000000001
Adara Kelly Sims,0.527
Peter Wyatt Flores,0.49400000000000005
Lucy Penelope Lyons,0.577
Althea Sonya Hobbs,0.519
Sean Armand Hickman,0.46699999999999997
Kane Connor Kramer,0.493
Cyrus Bruce Carver,0.557
Mira Sasha Mcconnell,0.514
Rosalyn Indigo Kelly,0.44400000000000006
Gray Sloane Vega,0.43600000000000005
Brendan Uriah Hogan,0.5
Ariel Leigh Barr,0.562
Bell Serena Willis,0.512
Colette Isabelle Frye,0.516
Mollie Velma Nunez,0.44100000000000006
Oliver James Fitzpatrick,0.45100000000000007
Isabelle Demetria Wilkins,0.487
Ariana Deborah Larson,0.558
Madaline Hyacinth Knowles,0.527
Garrett Connor Wheeler,0.42000000000000004
Ila Lois Hernandez,0.526
Cameron Octavius Graves,0.47800000000000004
Nathaniel Malcolm Pugh,0.486
Quinlan Alden Potts,0.43399999999999994
Timothy Uriel Jones,0.48
Katelyn Justina Allison,0.46799999999999997
Simone Serena Albert,0.513
Cyrus Baker Kline,0.552
Jacob Berk Benson,0.42100000000000004
Derek Josiah Phillips,0.555
Alfonso James Mccray,0.478
Elmo Barrett Blake,0.44900000000000007
Robert Merritt Velez,0.44800000000000006
Virginia Madeson Potter,0.5740000000000001
Penelope Ingrid Erickson,0.579
Samson Colt Frost,0.537
Shea Chastity Waller,0.486
Leslie Ila Lawson,0.43400000000000005
Kaden Linda Reed,0.46900000000000003
Charity Kameko Cantrell,0.439
September Wyoming Mcdaniel,0.545
Harper Aristotle Bender,0.534
Naomi Ariana Owen,0.503
Macon Malcolm Mason,0.613
Brock Barclay Weaver,0.544
Kato Forrest Griffin,0.47100000000000003
Dora Amelia Spears,0.469
Zenia Jessamine Newton,0.48
Abra Leigh Travis,0.5910000000000001
Fiona Gay Walsh,0.548
Remedios Kylynn Weaver,0.533
Anjolie Evangeline Houston,0.47500000000000003
Mohammad Abdul Davis,0.47100000000000003
Evelyn Maile Mosley,0.41400000000000003
Raphael Sean Mccullough,0.5820000000000001
Nevada Hilary Hood,0.484
Rebekah Sybil Santos,0.539
Jonathan Bruno Lamb,0.52
Eleanor Rina Bonner,0.46599999999999997
Grace Pamela Skinner,0.509
Daniel Jakeem Wilkins,0.533
Jaime Anne Campos,0.455
Cecilia Priscilla Larson,0.505
Cathleen Marcia Lester,0.473
Graham Steven Boyle,0.5489999999999999
Risa Florence Pittman,0.44999999999999996
Gray Mason Mccray,0.499
Perry Tad Hebert,0.587
Keefe Hayden Stuart,0.466
Cameron Keaton Pacheco,0.525
Curran Joel Everett,0.46299999999999997
Emerson Gray George,0.477
Elvis Rooney Blair,0.491
Alan Flynn Pope,0.478
Robert Eric Mullins,0.49
Thaddeus Jelani Garner,0.46199999999999997
Asher Benjamin Butler,0.528
Fitzgerald Robert Sanford,0.492
Fritz William Bean,0.552
Nichole Nomlanga Ochoa,0.43900000000000006
Ulla Mariko Barber,0.396
Mia Allegra Macdonald,0.548
Addison Isaiah Eaton,0.471
Marvin Harrison Miller,0.45799999999999996
Kadeem Leroy Butler,0.503
Sloane Aristotle Finley,0.4760000000000001
Arthur Valentine Paul,0.4660000000000001
Amos Paul Donaldson,0.4610000000000001
Nicolas Forrest Simon,0.502
Phillip Xenos Stafford,0.5030000000000001
Harding Hedley Delacruz,0.486
Cathleen Harriet Nelson,0.519
Denise Lucy Mercado,0.531
TaShya Bell Ayala,0.507
Lana Hillary Pugh,0.46
Nora Leilani Cross,0.561
Trevor Edward Santos,0.44000000000000006
Hope Macey Crane,0.481
Liberty Laura Buchanan,0.547
Nicolas Erich Gonzalez,0.505
Nathaniel Mufutau Kinney,0.43600000000000005
Ramona Fredericka Shepherd,0.462
Theodore Russell Wolf,0.47100000000000003
Todd Rajah Peterson,0.651
Hector Palmer Cooley,0.519
Illana Sara Serrano,0.555
Quamar Gavin Burke,0.504
Tanner Luke Banks,0.513
Zelenia Ivy Noel,0.467
Brenda Paloma Allison,0.498
Sharon Nola Avila,0.41200000000000003
Baker Zahir Chambers,0.53
Kenneth Akeem Johns,0.44599999999999995
Iliana Piper Francis,0.548
Keaton Cain Chavez,0.5640000000000001
Hedda Charity Velasquez,0.507
Graham Isaac Acosta,0.43100000000000005
Hope Amethyst Delacruz,0.5670000000000001
Inez Lee Harvey,0.587
Bree Ria Mcclure,0.44299999999999995
Caryn Kelsey William,0.46299999999999997
Aspen Justine Hill,0.504
Myra Kalia Humphrey,0.529
Hector Lance Herring,0.49100000000000005
Nichole Mariko Mercer,0.5690000000000001
Hasad Forrest Mendoza,0.508
Mia Ora Black,0.5760000000000001
Risa Yen Peterson,0.5539999999999999
Brandon Nehru Ellison,0.5860000000000001
Myra Whoopi Beach,0.413
Zorita Linda Mullins,0.532
Judith Deborah Wynn,0.42600000000000005
Justine Paula Mccullough,0.5930000000000001
Teegan Olivia Lindsay,0.5419999999999999
Glenna Quon Gilmore,0.4680000000000001
Odysseus Keefe Crosby,0.506
Lyle Lionel Wade,0.44700000000000006
Kai Ashely Gibson,0.46099999999999997
Naida Willa Perry,0.513
Alma Shana Carpenter,0.562
Charissa Vivien Short,0.486
Francis Yardley Conley,0.41600000000000004
Geoffrey Eaton Michael,0.541
Avram Elijah Gill,0.515
Preston Reuben Finley,0.516
Autumn Willow Wells,0.47
Ivor Ciaran Head,0.46599999999999997
Thaddeus James Buck,0.521
Juliet Shannon Aguilar,0.559
Regina Sheila Boyer,0.482
Jonathan Driscoll Mckee,0.591
Britanni Rebecca Martin,0.501
Louis James Combs,0.41900000000000004
Hanae September Knapp,0.42400000000000004
Madison Ashely Erickson,0.586
Arsenio Talon Short,0.496
Iliana Jade Mclaughlin,0.5700000000000001
Brennan Dieter Frank,0.498
Zoe Hope Raymond,0.41600000000000004
Candice Adara Mullins,0.508
Kennedy Kenyon Pitts,0.48900000000000005
Shelly Lilah May,0.471
Nyssa Buffy Mercer,0.44599999999999995
Ora Illiana Petersen,0.545
Griffith Xenos Miles,0.43100000000000005
Beverly Jaden Myers,0.535
Cruz Steven Bentley,0.502
Althea Jeanette Terry,0.458
Kendall Stacy Winters,0.524
Xenos Dylan Marshall,0.42600000000000005
Candice Blythe Delaney,0.461
Judith Skyler Bray,0.543
Sage Cecilia Irwin,0.47900000000000004
Carol Eve Burns,0.44200000000000006
Nerea Fredericka Jarvis,0.5800000000000001
Odette Hayley Richardson,0.464
Carla Stella Ewing,0.554
Nicole Jemima Kirk,0.577
Mohammad Caldwell Carroll,0.536
Cassandra Sigourney Velasquez,0.536
Iliana Glenna Nelson,0.41100000000000003
Thomas August Hammond,0.481
Erica Zephr Gay,0.53
Benedict Leo Compton,0.49200000000000005
Idola Blossom Santiago,0.5810000000000001
Wade Martin Hubbard,0.41200000000000003
Caesar Camden Caldwell,0.516
Carson Melvin Duncan,0.45299999999999996
Jared Boris Long,0.517
Marshall Channing Bernard,0.386
Martena Britanni Walters,0.454
Blaine Merritt Cameron,0.482
Emily Audrey Peterson,0.553
Gretchen Shoshana Howard,0.5800000000000001
Benjamin Daquan Petersen,0.42100000000000004
Dean Odysseus Russell,0.51
Ora Dora Gates,0.51
Hiram Wallace Rice,0.549
Hasad Jason Leon,0.501
Hilel Cruz Evans,0.47100000000000003
Zenia Kristen Petty,0.47600000000000003
Rogan Alden Talley,0.45999999999999996
Desirae Dawn Rosales,0.44899999999999995
Nichole Holly Dyer,0.504
Wade Jared Miles,0.45999999999999996
Herrod Solomon Vazquez,0.41200000000000003
Nyssa Ila Mclean,0.609
Deborah Yen Nash,0.42300000000000004
Zane Phelan Gordon,0.5870000000000001
Kuame Jerry Horton,0.47200000000000003
Elijah Wylie Price,0.439
Hamilton Jerry Allen,0.552
Alika Odessa Clayton,0.51
Igor Lucian Rowland,0.41800000000000004
Adria Abra Olsen,0.43500000000000005
Breanna Blossom Gill,0.472
Jenna Aimee Barker,0.558
Jaden Venus Mcgowan,0.535
Georgia Kristen Mccarty,0.485
Quemby Eugenia Lindsay,0.557
Brian Thaddeus Vasquez,0.483
Hall Lewis Gay,0.556
Clayton Raymond Conner,0.40800000000000003
Ursa Sara Wood,0.514
Calvin Wayne Watson,0.492
Arthur Travis Orr,0.42800000000000005
Gay Ivory Cash,0.496
Christian Alfonso Harrison,0.48800000000000004
Murphy Harding Swanson,0.484
Giacomo Francis Shelton,0.497
Blaine Barrett Cooke,0.486
Herrod Jonathan Woodard,0.43100000000000005
Priscilla Molly Cooper,0.537
Zena Xantha Roberson,0.546
Duncan Lionel Walton,0.496
Julian Vaughan Hernandez,0.543
Phelan Raymond Donaldson,0.478
Blair Hiram Middleton,0.5
Yoshi Mary Fuentes,0.502
Oliver Nicolas Guerra,0.45200000000000007
Breanna Iliana Spencer,0.549
Morgan Nicole Evans,0.53
Hannah Jaden Campos,0.589
Justin Chadwick Forbes,0.45299999999999996
Hyatt Kadeem Klein,0.42100000000000004
Savannah Kirestin Fowler,0.515
Echo Winter Adkins,0.46
Flynn Zachary Gilmore,0.44999999999999996
Micah Phelan King,0.511
Price Moses Miles,0.497
Belle Blaine Mcmillan,0.4800000000000001
Uriah Hiram Mccall,0.455
Rana Blossom Haynes,0.5720000000000001
Emi Madonna Marks,0.5690000000000001
Garth Phillip Howell,0.42800000000000005
Amaya Casey Glass,0.469
Blaine Eden Mcguire,0.434
Joelle Desirae Morrison,0.503
Kalia Brenna Luna,0.406
Morgan Alma Fowler,0.563
Aquila William Keith,0.497
Colt Hilel Macias,0.456
Ezra Nathaniel Mooney,0.514
Penelope TaShya Vinson,0.46099999999999997
Chancellor Allen Banks,0.499
Bethany Nicole Newman,0.515
Jordan Cedric Salazar,0.45699999999999996
Matthew Barrett Mcleod,0.44400000000000006
Yasir Benjamin Daniels,0.4
Kamal Bernard Chen,0.5780000000000001
Angela Mona Leonard,0.565
Hedda Melissa Slater,0.546
Nicholas Timon Mueller,0.523
Steel Jesse Alford,0.558
Halee Jade Olsen,0.491
Erasmus Jonathan Goff,0.46599999999999997
Thomas Curran Hurst,0.49700000000000005
Chloe Amethyst Bradley,0.583
Janna Veda Hensley,0.47
Cairo Ryan Mullen,0.392
Nelle Zephr Hammond,0.547
William Leo Humphrey,0.493
Joel Odysseus Rios,0.49500000000000005
Vaughan Chaney Chang,0.462
Buffy Yolanda Ortiz,0.477
Kylan Aiko Conner,0.488
Jin Amir Whitfield,0.49
Ivan Eric Lester,0.498
Breanna Madeline Gonzales,0.537
Paul Salvador Clemons,0.495
Dacey Emerald Whitaker,0.453
Byron Kirk Burks,0.6080000000000001
Jada Anastasia Le,0.495
Yen Melissa James,0.504
Thaddeus Theodore Ruiz,0.45299999999999996
Bryar Athena Stanton,0.425
Damon Elton Wilkins,0.5429999999999999
Jeanette Aimee Russo,0.537
Jocelyn Allegra Cross,0.505
Jakeem Kaseem Barrera,0.541
Indigo Samantha Doyle,0.5840000000000001
Quinn Dana Bradshaw,0.43300000000000005
Deacon Mark Lawrence,0.48000000000000004
Ebony Anika Pace,0.5650000000000001
Kasimir Seth Summers,0.498
Laurel Brenda Lindsey,0.515
Basil Nolan Vaughan,0.46299999999999997
Jin Kaden Byrd,0.46
Deborah Leah Bond,0.558
Abdul Zephania Watkins,0.527
Breanna Karly Arnold,0.555
Rhona Jessica Chen,0.56
Eden Rina Valenzuela,0.517
Willow Wilma Walter,0.527
Jemima Aphrodite Holloway,0.41600000000000004
Lee Shad Oneal,0.559
Freya Mara Gould,0.45899999999999996
Eagan Jarrod Vega,0.469
Gareth Tanner Foreman,0.454
Halee Sopoline Norris,0.607
Rogan Melvin Newman,0.503
Morgan Octavia Dixon,0.43000000000000005
Nina Judith Strong,0.51
Daria Jaime Tate,0.626
Kirby Violet Pena,0.499
Gwendolyn Chava Eaton,0.516
Madaline Kyra Tillman,0.43300000000000005
Michelle Yoshi Booker,0.536
Brent Adam Stone,0.44399999999999995
Zeus Bevis Cameron,0.483
Justine Cameron Valenzuela,0.5740000000000001
Aphrodite Nayda Garner,0.559
Ray Harrison Melendez,0.485
Illana Carissa Mckay,0.5630000000000001
Zeus Isaac Everett,0.40499999999999997
Kim Remedios Allen,0.533
Iliana Maggie Cain,0.52
Conan Galvin Sweet,0.55
Rosalyn Carly Witt,0.491
Beau Austin Heath,0.518
Malachi Timon Simmons,0.45999999999999996
Karleigh Chantale Fowler,0.411
Bert Ralph Gibbs,0.48100000000000004
Lara Yvonne Lopez,0.583
MacKenzie Alma Ruiz,0.499
Graham Wade Gordon,0.48700000000000004
Robin Alexis Bright,0.45099999999999996
Yolanda Belle Hobbs,0.551
Sarah Natalie Knox,0.484
Drew Zephania Obrien,0.46299999999999997
Odette Quail Elliott,0.44499999999999995
Kennan Ignatius Burton,0.455
Laura Kaden Cook,0.455
Francesca Echo Stout,0.507
Steel Herrod Gonzales,0.511
Rooney Duncan Moody,0.46
Suki Astra Wright,0.45299999999999996
Jeanette Heather Mckee,0.501
Laurel Sopoline Navarro,0.516
Donna Jena Aguirre,0.535
Iliana Noelle Kelly,0.43
Jael Ifeoma Griffith,0.541
Hope Rowan Bonner,0.43100000000000005
Athena Maggy Erickson,0.5519999999999999
Penelope Jordan Castro,0.5499999999999999
Kai Clio Marsh,0.6010000000000001
Deborah Tamara Beach,0.46099999999999997
Beau Dalton Bridges,0.4880000000000001
Cole Flynn Jensen,0.508
Ignacia Amela Clark,0.5780000000000001
Sydney Genevieve Nichols,0.529
Aidan Griffith Boyd,0.44499999999999995
Lacey Jennifer Moore,0.535
James Galvin Wagner,0.42400000000000004
Jolene Deanna Combs,0.494
Wesley Raphael Hughes,0.48100000000000004
Kane Slade Long,0.487
Anthony Macaulay Clayton,0.447
Adam Chester Haney,0.5940000000000001
Erica Lara Tran,0.515
Ursula Rachel Bryant,0.52
Dacey Orla Tran,0.46799999999999997
Mikayla MacKenzie Downs,0.44499999999999995
William Orson Sykes,0.5800000000000001
Amir Giacomo Weaver,0.492
Rhoda Danielle Stewart,0.547
Aquila Thane Baldwin,0.496
Chandler Carlos Pennington,0.492
Isadora Sara Kane,0.5650000000000001
Judith Catherine Booker,0.43100000000000005
Kimberley Callie Molina,0.513
Lucy Savannah Jones,0.501
Ashely Venus Hewitt,0.532
Holmes Octavius Deleon,0.516
Chiquita Ruth Cortez,0.518
Maxine Echo Hooper,0.556
Diana Janna Walters,0.53
Micah Clark Brewer,0.488
Eve Sopoline Powell,0.525
Brock Blaine Frederick,0.504
Eric Steven Wilder,0.475
Shoshana Melanie Estrada,0.54
Quyn Rhea Freeman,0.45200000000000007
Hillary Janna Blackburn,0.532
Melyssa Juliet Flores,0.531
Xerxes Kylie Rowland,0.43400000000000005
Jason Stuart Baldwin,0.5
Shelby Abigail Michael,0.46499999999999997
Hop Benjamin Fisher,0.452
Willa Yvonne Gamble,0.5630000000000001
Harlan Vernon Lambert,0.474
Yvette Deanna Hawkins,0.5549999999999999
Kameko Frances Spencer,0.507
Brielle Unity Espinoza,0.5379999999999999
Salvador Dominic Hayes,0.461
Arsenio Edward Stanton,0.522
Rigel Leroy Pennington,0.42700000000000005
Salvador Jermaine Griffin,0.5050000000000001
Nash Vernon Albert,0.488
Dustin Ezra Sloan,0.519
Mannix Eric Stokes,0.4
Lila Jeanette Mann,0.471
Bryar Geraldine House,0.545
Ora Clementine Lester,0.547
Kermit Damian Callahan,0.5
Benjamin Harrison Guthrie,0.506
Kirby Hope Glover,0.379
Miranda Orli Slater,0.41300000000000003
Tana Rose Curry,0.46499999999999997
Quynn Stacy Sears,0.40700000000000003
Drew Jonas Charles,0.551
Ray Jin Moreno,0.44700000000000006
Cassandra Christen Macdonald,0.539
Irene Raya Moran,0.44899999999999995
Jessica Jeanette Cline,0.5670000000000001
Eden Myra Rocha,0.525
Hop Burke Harvey,0.505
Thomas Nasim Bender,0.44499999999999995
Mason Andrew Baxter,0.497
Justine Regina Skinner,0.5800000000000001
Tanya Dawn Harrington,0.553
Quinn Judah Stephenson,0.46799999999999997
Celeste Taylor Peters,0.45899999999999996
Teagan Tana Moore,0.507
Michael Steel Caldwell,0.481
Cameron Callum Gilliam,0.471
Amethyst Rosalyn Daniel,0.48900000000000005
Maris Lillith Larson,0.5
Colton Richard Bean,0.46099999999999997
Eden Melodie Ballard,0.532
Camilla Cecilia Thomas,0.546
Germane Fredericka Velez,0.41700000000000004
Kelly Conan Graham,0.488
Ora Heidi Austin,0.508
Barrett Adrian Saunders,0.45399999999999996
Scarlet Tasha Harvey,0.519
Chloe Gillian Fowler,0.515
Minerva Xandra Miranda,0.501
Jin Tucker Kerr,0.4
Jael Christen Bennett,0.44799999999999995
Yoshio Wayne Fowler,0.41900000000000004
Gareth Ross Becker,0.4950000000000001
Upton Colby Colon,0.504
Asher Finn Lyons,0.532
Bradley Tyrone Nieves,0.47
Demetria Vivian Mcdaniel,0.491
Adrienne Teagan Collier,0.40800000000000003
Reese Linus Faulkner,0.5680000000000001
Brenden Gabriel Craft,0.497
Kibo Allistair Davis,0.451
Mary Bo Greer,0.455
Gisela Carissa Hart,0.505
Graham Rooney Ray,0.487
Deborah Clare Rodriguez,0.45199999999999996
Harding Julian Wilkerson,0.487
Kylie Danielle Contreras,0.488
Gregory Calvin Dale,0.46599999999999997
Anthony Buckminster Maxwell,0.497
Hall Phillip Mckenzie,0.43699999999999994
Kylie Aubrey Daniels,0.52
Xandra Chantale Cameron,0.44
Leah Shelley Mccoy,0.46199999999999997
Jordan Calvin Peterson,0.548
Lane Ahmed Fry,0.472
Jemima Lisandra Campos,0.5369999999999999
Sylvester Quinn Chavez,0.484
Garrett William Holland,0.494
Breanna Aileen Alexander,0.389
Emmanuel Robert Mcdonald,0.484
Gregory Benjamin Olson,0.499
Darryl Jolene Hays,0.45399999999999996
Miriam Alma Witt,0.47800000000000004
Alika Xantha Stokes,0.53
Steven Logan Carroll,0.49
Ashton Judah Delgado,0.553
Dawn Karina Gregory,0.491
Alan Ashton Goodman,0.483
Joel Donovan Roach,0.498
Clark Brandon Shelton,0.41900000000000004
Tad Moses Mooney,0.598
Kim Amela Webb,0.454
David Colorado Fox,0.501
Cara Eugenia William,0.5980000000000001
Josephine Avye Guy,0.46299999999999997
September Dai Roberson,0.537
Wallace Holmes Graham,0.505
Preston Michael Burns,0.597
Jordan Deborah Rowland,0.48
Lillian Aretha Scott,0.5660000000000001
Tatyana Nevada Hammond,0.487
India Alma Martin,0.4610000000000001
Bruce Grant Kelley,0.46799999999999997
Gage Kieran Warner,0.5790000000000001
Amy Naida Clements,0.44799999999999995
Chester Ryder Mills,0.43699999999999994
Robin Xandra Hartman,0.525
Travis Jack Oneil,0.44600000000000006
Wang Samuel England,0.44
Althea Nevada Hoffman,0.45899999999999996
Daquan Oliver Simon,0.535
Daphne Brenda Sweet,0.41100000000000003
Lysandra Unity Hinton,0.511
Knox Ignatius Chaney,0.47200000000000003
Ruth Priscilla Mercer,0.505
Sopoline Jena Cruz,0.558
Steel Akeem Flynn,0.449
George Evan Knox,0.501
Randall Harding Gordon,0.502
Yardley Brady Haley,0.44400000000000006
Alec Curran Talley,0.511
Timon Martin Emerson,0.5
Gareth Scott Alvarado,0.45199999999999996
Tara Delilah Riggs,0.508
Noah Kenyon Griffin,0.535
Hector Steel Hendrix,0.46900000000000003
Vladimir Buckminster King,0.45400000000000007
Alana Rosalyn Phelps,0.496
Maisie Irene Cabrera,0.452
Marcia Melissa Lara,0.503
Ignatius Byron Huff,0.538
Yetta Leslie Ross,0.469
Joy Hermione Roberson,0.512
Clarke Griffin Vazquez,0.52
Hu Ira Shepard,0.4720000000000001
Ivana Vivien Shepherd,0.529
Lysandra Medge Maxwell,0.509
Malcolm Levi Mcclain,0.497
Aileen Eliana Franklin,0.48200000000000004
Nathaniel Murphy Pruitt,0.509
Julie Maisie Wright,0.553
Bevis Colt Alston,0.577
Sage Lillith Dalton,0.513
Lynn Sarah Hatfield,0.518
Jakeem Michael Pratt,0.479
Tamekah Liberty Santiago,0.43100000000000005
Neve Ruby Mendez,0.55
Phoebe Idola Rodriguez,0.529
Halee Brynne Walters,0.531
Destiny Tatyana Brown,0.40800000000000003
Hakeem Damon Lane,0.41700000000000004
Xerxes Joshua Slater,0.4
Kirsten Imelda Farley,0.537
Dana Beverly Justice,0.538
Keith Lev Moss,0.519
Hedda Suki Fulton,0.5900000000000001
Aaron Malik Santana,0.45199999999999996
Noble Robert Horton,0.386
Elton Cade Washington,0.515
Caleb Gary Noble,0.494
Heidi Yvette Adams,0.5660000000000001
Silas Reece Martin,0.526
Plato Blair Santiago,0.497
Imogene India Middleton,0.494
James Amal Moody,0.47300000000000003
Gay Ava Dean,0.516
Armand Jin Stevens,0.5
Kasimir Alfonso Wilder,0.499
Ruby Blossom Nelson,0.556
Rashad Albert Bowman,0.6000000000000001
Stephanie Vivien Benton,0.516
James Reed Eaton,0.48
Mary Zenaida Velez,0.513
Dane Elton Mcmahon,0.42900000000000005
Aladdin Sawyer Rios,0.525
Amaya Stacy Michael,0.481
Acton Reese Lowe,0.483
Jayme Oprah Maynard,0.48
Illiana Aurora Jones,0.528
Zephania Hu Bridges,0.5770000000000001
Bert Dylan Rios,0.538
Drake Lewis Whitaker,0.48
Emma Jocelyn Barnes,0.581
Cheryl Mollie Vazquez,0.541
Shay Germaine Barrett,0.42700000000000005
Hu Jeremy Ramsey,0.499
Aristotle Aubrey Chavez,0.481
Odysseus Fulton Miles,0.481
Illiana Quintessa Beasley,0.504
Abraham Kelly Dixon,0.45299999999999996
Eleanor Hollee Jarvis,0.504
Audra Hedda Joyner,0.484
Tallulah Darrel Castaneda,0.497
Venus Pamela Atkins,0.492
Ruby Blair Alexander,0.51
Jayme Xandra Harvey,0.42800000000000005
Edan Xerxes Battle,0.42900000000000005
Vladimir Cole Garrett,0.46399999999999997
Jamalia Jillian Wynn,0.534
Tanek Arsenio Brennan,0.391
Thor Ray Snyder,0.45899999999999996
Myra Marcia Santana,0.516
Uriel Michael Burns,0.43500000000000005
Leandra Remedios Whitney,0.42100000000000004
Ursula Olivia Riddle,0.546
Eden Lucius Caldwell,0.511
Imani Deanna Church,0.443
Helen Darrel Hardy,0.46099999999999997
Jonathan Lester Ferrell,0.527
Ira Solomon Warner,0.528
Gemma Hiroko Woods,0.524
Gil Ralph Beard,0.545
Myles Troy Henry,0.497
Noel Kessie Franco,0.503
Rebecca Shelly Higgins,0.548
Zephr Emma Petersen,0.487
Willa Dora Sweeney,0.508
Tamekah Cassidy Cochran,0.5700000000000001
Eugenia Amaya Curry,0.546
Amber Yeo Guerrero,0.43200000000000005
Sara Katell Bartlett,0.43000000000000005
Kylynn Shaine Carney,0.58
Jayme Christine Mcguire,0.526
Beverly Hayfa Alvarez,0.517
Lenore Melinda Webb,0.485
Reece Branden Dennis,0.48000000000000004
Emma Deborah Crosby,0.517
Althea MacKenzie Berger,0.543
Ramona Karyn Foster,0.5700000000000001
Hanae Nichole Ramirez,0.578
Davis Arden Dyer,0.525
Kai Emma Morris,0.473
Bethany May Roth,0.5
Gage Garth Dunn,0.47000000000000003
Jesse Paul Webster,0.524
Kieran Zachary Bradley,0.44100000000000006
Kareem Slade Santana,0.43400000000000005
Amos Adrian Bray,0.512
Hunter Tate Beard,0.443
Ashely Laurel Wilkerson,0.489
Kaden Benjamin Pope,0.453
Jeanette Abra Rosales,0.576
May Blair Hayden,0.43600000000000005
Lani Jessica Larson,0.46099999999999997
Keelie Illiana Sargent,0.5599999999999999
Chiquita Brenna Gross,0.547
Derek Xavier Blair,0.515
Cleo Leah Nash,0.505
Inez Celeste Browning,0.453
Tatiana Bo Mcclain,0.5930000000000001
Shay Fatima Jarvis,0.471
Kristen Urielle Burks,0.499
Chiquita Regan David,0.40800000000000003
Mia Odessa Walter,0.478
Bert Grant Mann,0.4800000000000001
Ethan Calvin Tanner,0.46299999999999997
Brock Tyrone Ross,0.494
Quincy Joan Franklin,0.608
Margaret Deborah Lawrence,0.48
Sawyer Demetrius Watkins,0.41100000000000003
Tarik Murphy Thornton,0.458
Ulla McKenzie Taylor,0.472
Aristotle Uriel Hancock,0.478
Stella Katelyn Velazquez,0.494
Marcia May Robles,0.385
Ezekiel Jakeem Morgan,0.475
Kamal John Horne,0.44000000000000006
Vera Scarlett Hendrix,0.477
Howard Brent Frost,0.518
Quamar Zachary Harrington,0.44499999999999995
Colorado Kieran Estes,0.471
Francis Mannix Pena,0.41300000000000003
Xaviera Regan Sargent,0.489
Christopher Elijah Gallagher,0.45899999999999996
Cora Tallulah Kelly,0.43700000000000006
Yolanda Jane Branch,0.534
Denise Kelsey Juarez,0.45799999999999996
Otto Wang Santos,0.46499999999999997
Kaye Sage Chambers,0.46099999999999997
Dexter Erich Sexton,0.488
Sarah Regina Reyes,0.477
Yvette Naomi Cortez,0.555
Akeem Gray Barrett,0.55
Jane Pascale Buchanan,0.45199999999999996
Preston Declan Barry,0.47
Daphne Risa Noble,0.471
Cynthia Tatyana Blanchard,0.531
Clare Heather Wilcox,0.562
Ursa Elizabeth Hanson,0.545
Fulton Colorado Brown,0.517
Maia Audrey Becker,0.5740000000000001
Malachi Galvin Gregory,0.44299999999999995
Brody William Wilkins,0.403
Omar Fulton Banks,0.5860000000000001
Jeanette Jenette Mcleod,0.44200000000000006
Nita Unity Whitney,0.46299999999999997
Galvin Ezra Ruiz,0.5680000000000001
James Oleg Ryan,0.473
Nerea Kitra Talley,0.543
Nicole Jemima Peters,0.554
Ocean Brenda Nicholson,0.521
Herrod Bevis Pearson,0.446
Dalton Phillip Nicholson,0.43500000000000005
Alma Charissa Atkins,0.627
Evangeline Yoko Malone,0.535
Amery Walker Curry,0.532
Kuame Eagan Garrison,0.4680000000000001
Jaden Aileen Waters,0.561
Nola Jenette Donaldson,0.42300000000000004
Quinlan Keith Brewer,0.42800000000000005
Mira Elizabeth Wooten,0.44399999999999995
Walker Ezra Cooper,0.4580000000000001
Nicole Sage Sandoval,0.48500000000000004
Kelsey Oprah Giles,0.5920000000000001
Kasper Melvin Rodgers,0.46099999999999997
Gretchen Blossom Manning,0.494
Anastasia Ora Bishop,0.522
Roary Kay Mcintyre,0.515
Aladdin Henry Huffman,0.42400000000000004
Kendall Jamal Grimes,0.47600000000000003
Hasad Fritz Cortez,0.445
Phelan Dante Hunt,0.522
Hasad Oren Schroeder,0.447
Chastity Emerald Sweet,0.546
Yolanda Jessica Becker,0.532
Philip Rahim Logan,0.44500000000000006
Hamish Walker Solis,0.46699999999999997
Lawrence Louis Love,0.44099999999999995
Deirdre Jordan Clayton,0.42900000000000005
Kermit Lyle Mckay,0.5970000000000001
Octavius Rahim Bradford,0.498
Hamilton Theodore Simpson,0.441
Warren Alfonso Harper,0.479
Ignatius Dillon Campbell,0.4840000000000001
Channing Aristotle Stewart,0.432
Lynn Dacey Finley,0.493
Gary Perry Odom,0.47
Demetrius Abbot Harper,0.555
Steven Kennan Lane,0.484
Eaton Prescott Gilliam,0.45999999999999996
Ignatius Quincy Talley,0.528
Tamekah Lunea Morrow,0.52
Hope Beatrice Diaz,0.516
Ila Naomi Woodward,0.537
Stephanie Stacy Gomez,0.5640000000000001
Zia Hadassah Pitts,0.528
Kaden Wayne Farley,0.532
Brady Arden Roy,0.465
Cole Holmes Whitaker,0.555
Christopher Joseph Mccarty,0.535
James Ira Potter,0.44
Joel Gregory Mullen,0.47
Pascale Kitra Simmons,0.497
Teagan Rhiannon Abbott,0.479
Lewis Rajah Burton,0.481
Justina Jolie Flores,0.507
Solomon Malik Waters,0.5760000000000001
Zorita Ashely Delaney,0.5630000000000001
Bradley Rajah Lancaster,0.503
Herrod Demetrius Mcdonald,0.45399999999999996
Briar Hanna Pitts,0.45499999999999996
Doris Regina Johns,0.556
Medge Laura Hayden,0.471
Leandra Sage Moran,0.511
Stephanie Brynne Logan,0.545
Lionel Vladimir Conley,0.48900000000000005
Dana Kristen Gardner,0.48
Grace Brynne Valenzuela,0.481
Whoopi Renee Blair,0.558
Jemima Brynne Pratt,0.44500000000000006
Blythe Deborah Pugh,0.525
Nathan Rigel Shaffer,0.531
Alden Darius Ray,0.512
Aaron Kareem Meyer,0.42499999999999993
Justine Uta Love,0.532
Alice May Callahan,0.495
Kitra Alexa Mack,0.5690000000000001
Imogene Callie Prince,0.502
Charlotte Ivana Wolfe,0.532
Hayes Tobias Hendricks,0.44599999999999995
TaShya Miriam Rush,0.45699999999999996
Salvador George Hanson,0.458
Gavin Ferris Schwartz,0.539
Ronan Baxter Callahan,0.486
Chaney Daquan Lee,0.483
Ciaran Lucius Myers,0.5820000000000001
Isaac Lev Juarez,0.45600000000000007
Sarah Quail Cummings,0.503
Aimee Georgia Clarke,0.44199999999999995
Scarlet Allegra Mosley,0.506
Shellie Yoko Burch,0.484
Craig Herrod Shaffer,0.55
Shoshana Jescie Graves,0.463
Kellie April Morse,0.5860000000000001
Murphy Linus Campbell,0.531
Jenna Rina Haley,0.54
Jason Dolan Frederick,0.43800000000000006
Nicole Kylee Hubbard,0.544
Judith Lesley Christensen,0.518
Hiroko Jenna Olsen,0.56
Clementine Kelsey Duke,0.44800000000000006
Maite Bethany Kemp,0.513
Melanie Stella Kane,0.536
Alexa Tallulah Dixon,0.4570000000000001
Kane Alden Harmon,0.44700000000000006
Bernard William Justice,0.464
Brenda Ocean Carver,0.5650000000000001
Quincy Sara Munoz,0.578
Cleo Deborah Ortiz,0.487
Kareem Gil Monroe,0.345
Tate Sloane Gillespie,0.45899999999999996
Mari Mechelle Bender,0.518
Yoshi Cherokee Christensen,0.604
Bo Stephanie Slater,0.399
Eric Barry Potter,0.418
Wesley Abel Fletcher,0.46199999999999997
Silas Yuli Humphrey,0.51
Tate Merrill Cummings,0.487
Jeremy Byron Greene,0.533
Hop Amos Cherry,0.43900000000000006
Gregory Leonard Curtis,0.4580000000000001
Melissa Quintessa Short,0.547
Ocean Delilah Avery,0.477
Chantale Tanisha Butler,0.469
Ciara Regan Davenport,0.482
Tanisha Aphrodite Kirkland,0.5720000000000001
Blaze Josiah Hatfield,0.44999999999999996
Rylee Jenna Giles,0.496
Quinlan Chaney Marks,0.535
Veda Flavia Austin,0.46299999999999997
Phoebe Erin Mcdowell,0.554
Venus Uta Washington,0.5750000000000001
Kylee Jolene Mcintosh,0.547
Nathaniel Timon Galloway,0.499
Alma Nola Tillman,0.531
Madonna Cynthia Lucas,0.508
Xandra Mia Gilmore,0.401
Sydnee Sara Neal,0.47700000000000004
Phillip Theodore Delaney,0.495
Keith Jelani Morse,0.43999999999999995
Imelda Ciara Shannon,0.495
Nash Fuller Hayden,0.501
Pamela Stacy Schultz,0.509
Arsenio Solomon Herrera,0.495
Wesley Palmer Christian,0.42500000000000004
Amanda Ruby Mckay,0.536
Marvin Kaden Carson,0.469
Kai Deborah Burton,0.529
Destiny Vielka Velez,0.52
Hedwig Jamalia Montoya,0.405
Shelly Laura Cox,0.494
Kaitlin Riley Craft,0.517
Hyatt Fritz Flynn,0.43500000000000005
James Aquila Curtis,0.46900000000000003
India Lacota Holcomb,0.6050000000000001
Jermaine Benjamin Levy,0.44200000000000006
Colby Christian Warren,0.499
Aidan William Buckner,0.44600000000000006
Jana Aiko Davis,0.477
Tasha Adrienne Witt,0.506
Merrill Evan Sexton,0.485
Lacota Heather Livingston,0.543
Dustin Julian Henry,0.43100000000000005
Brandon Byron Newton,0.488
Perry Ashton Hicks,0.593
Madaline Sade Nelson,0.494
Knox Francis Harvey,0.455
Wynne Hermione Burt,0.549
Kieran Reece Castro,0.458
Uma Adria Bean,0.485
Berk Cyrus Rodgers,0.45499999999999996
Devin Abel Reid,0.49100000000000005
Holmes Kadeem Whitehead,0.523
George Finn Morin,0.518
Macy Haley Hickman,0.499
Keefe Curran Hensley,0.5770000000000001
Marvin Carl Perkins,0.498
Rajah Wesley Juarez,0.5640000000000001
Barry Clark Lynch,0.541
Hanna Madeline Deleon,0.44199999999999995
Keith Lewis George,0.5630000000000001
Axel David Rose,0.493
Jayme Catherine Cohen,0.531
Joel John Lindsey,0.487
Ira Armand Hood,0.53
Gabriel Joseph Mercer,0.483
Taylor Buckminster Haynes,0.448
Isaac Thaddeus Vasquez,0.517
Grant John Burks,0.4730000000000001
Drake Norman Jordan,0.496
Norman Akeem Harmon,0.484
Merritt Garrett Hammond,0.5780000000000001
Camden Craig Mays,0.471
India Amber Greene,0.458
Britanni Iliana Mcclure,0.479
Troy Fulton Salas,0.516
Mason Driscoll Rhodes,0.5800000000000001
Yoshi Yael Hendrix,0.525
Maxwell Demetrius Reynolds,0.391
Merritt Kevin Griffin,0.477
John Dieter Joyner,0.41600000000000004
Bevis Duncan Mullen,0.587
Jacqueline Nola Robles,0.559
Hu Randall Robinson,0.535
Omar Wyatt Cochran,0.504
Brynn Kessie Guerra,0.552
Abra Minerva Mccoy,0.492
Yardley Levi Harding,0.45299999999999996
Keaton Castor Wallace,0.492
Iris Regina Castillo,0.42700000000000005
Kenyon Bruce Long,0.448
Sade Fallon Adkins,0.517
Gretchen Naomi Vincent,0.537
Porter Ross Glover,0.4740000000000001
Zane Arthur Deleon,0.479
Lamar Tanek Hill,0.5750000000000001
Reese Emery Lamb,0.493
Carl Mark Marks,0.46499999999999997
Joan Jane Alvarado,0.475
Belle Georgia Frost,0.488
Hannah Mollie Callahan,0.48
Jennifer Bryar Christian,0.427
Vincent Laith Valencia,0.509
Patrick Leroy Farmer,0.517
Lydia Risa Vega,0.54
Anthony Dennis Hall,0.5
Dacey Zenaida Miles,0.477
Jaquelyn Lillith Leach,0.478
Martina Yoshi Bridges,0.511
Freya Madeline Hampton,0.45399999999999996
Chastity Rose Watson,0.45699999999999996
Hillary Renee Ellison,0.5730000000000001
Griffith Thomas Patterson,0.47300000000000003
Raja Nicolas Brady,0.513
Declan Zeus Oliver,0.483
Savannah Venus Forbes,0.526
Emerson Kasimir Sweet,0.399
Nigel Robert Russell,0.45699999999999996
Chancellor Blake Diaz,0.46199999999999997
William Ian Winters,0.545
Kermit Joshua Schultz,0.504
Kalia Darrel Butler,0.46599999999999997
Arthur Wyatt Burton,0.55
Alvin Edward Clemons,0.485
Levi Dante Mckenzie,0.528
Benjamin Yasir Wilkerson,0.463
Zeus Jordan Thomas,0.505
Seth Simon Hicks,0.46099999999999997
Jermaine Oscar Byrd,0.468
Lev Martin Parrish,0.4
Logan Slade Barrera,0.553
Lara Xandra Mccarthy,0.508
Isaiah Caleb Wall,0.396
Grace Cheyenne Chaney,0.5800000000000001
Raja Casey Decker,0.537
Renee Kalia Garrett,0.54
Phyllis Tamekah Meadows,0.49
Odessa Holly Cox,0.537
Claire Lucy Joyce,0.485
Lisandra Jolene Murphy,0.519
Christine Zenaida Keith,0.42900000000000005
Libby Vielka Farrell,0.48
Kylee Cynthia Battle,0.43999999999999995
Heather Macy Hunt,0.5790000000000001
Belle Candace Grimes,0.537
Colton Quinlan Rush,0.513
Raja Vladimir Jones,0.509
Quin Wynne Peck,0.511
Olga Anjolie Bean,0.452
Cameron Roanna Garza,0.5640000000000001
Demetrius Ignatius Reeves,0.48400000000000004
Shannon Isabella Guerra,0.43900000000000006
Charde Olivia Baxter,0.52
Freya Aurelia Joyner,0.548
Daniel Linus Barron,0.45599999999999996
Eden Bryar Atkinson,0.44100000000000006
Sandra Rhoda Pennington,0.513
Althea Harriet Norris,0.513
Daphne Zena Adkins,0.41700000000000004
Aidan Bruce Camacho,0.382
Taylor Cheryl Frost,0.499
Nash Benjamin Little,0.519
Kieran Coby Rhodes,0.537
Jordan Oscar Eaton,0.45999999999999996
Ryder Charles Gilbert,0.514
Nehru Neville Beck,0.474
Gretchen Maile Ramos,0.519
Peter Walter Bryant,0.511
Paki Simon Velasquez,0.40900000000000003
Tad Flynn Wallace,0.406
Shelby Sheila Mccoy,0.495
Tate Theodore Galloway,0.522
Ursula Jaden Compton,0.47700000000000004
Willa Deborah Tyson,0.551
Uriah Kelly Morse,0.43800000000000006
Felix Elmo Vance,0.473
Yasir Declan Mooney,0.498
Brennan Plato Knox,0.55
Donna Leandra Mendez,0.41700000000000004
Rashad Rudyard Castro,0.505
Abra Melissa Campos,0.482
Mariam Dora Charles,0.42800000000000005
Liberty Jenette Fletcher,0.534
Lillian Sonia Dudley,0.528
Aphrodite Halee Crawford,0.512
Tiger Hakeem Barker,0.492
Adrian Kieran Kent,0.521
Christopher Charles Cash,0.49
Hilel Kieran Fuller,0.501
Isaiah Blaze Rios,0.495
Conan Eric Harvey,0.4750000000000001
Tamekah Winifred Brady,0.516
Sarah Alma Arnold,0.493
Casey Jamal Hewitt,0.508
Rhea Denise Petersen,0.379
Kaitlin Violet Valenzuela,0.5770000000000001
Robert Abbot Rios,0.551
Mollie Michelle Blankenship,0.526
Dahlia Camilla Burns,0.47
Otto Anthony Pena,0.437
Stephanie Illana Vaughn,0.504
Karina Rhoda Cruz,0.526
Forrest Kibo Small,0.48100000000000004
Justin Yoshio Simmons,0.46199999999999997
Mira Gemma Benton,0.613
Shad Kevin Fields,0.554
Cadman John Mann,0.516
Hyatt William Soto,0.5489999999999999
Amber Delilah Greer,0.504
Kasimir Henry Terry,0.51
Deborah Miranda Daniels,0.484
Allen Ashton Buckley,0.44100000000000006
Glenna Wilma Oconnor,0.553
Lillith Lana Prince,0.529
Edward Jerome Cannon,0.46799999999999997
Cairo William Morin,0.495
Merritt Wyatt Copeland,0.521
Kristen Amethyst Harrell,0.46
Sebastian Caldwell Bryant,0.47700000000000004
Genevieve Cecilia Thornton,0.393
Latifah Haley Duncan,0.41400000000000003
Abraham Abel Walker,0.553
Kaden Ezekiel Eaton,0.44299999999999995
Jemima Iris Lindsey,0.496
Chancellor Rudyard Marks,0.562
Kuame Dale Graves,0.422
Grant Talon Clemons,0.47700000000000004
Daniel Derek Kerr,0.44799999999999995
Gloria Carolyn Baird,0.46299999999999997
Adele Margaret Conner,0.481
Herrod Armand Hobbs,0.43100000000000005
Renee Amela Alvarado,0.498
Gage Theodore Neal,0.43200000000000005
Dean Hop Stevenson,0.41600000000000004
Brynne Alexa Bean,0.604
Curran Amery Velasquez,0.42200000000000004
Laura Lee Franco,0.46599999999999997
Renee Jenna Dillard,0.518
Merrill Vaughan Mayo,0.541
Blair Macaulay Reilly,0.534
Colette Iris Mullen,0.507
Eagan Adam Sims,0.48500000000000004
Keefe Henry Wiley,0.513
Thor Mason Walls,0.47200000000000003
Karyn Meghan Mooney,0.5
Wyatt Beau Barnett,0.42400000000000004
Nathaniel Hayes Rojas,0.5569999999999999
Adrienne Kirsten Roach,0.512
Yoshio Vincent Jacobson,0.42100000000000004
Edan Baker David,0.5800000000000001
Xantha Althea Blake,0.546
Gisela Jenna Cole,0.43900000000000006
Bevis William Castro,0.45400000000000007
Camilla Chloe Perry,0.516
Charde Lydia Farmer,0.5680000000000001
Dante Roth Martin,0.5780000000000001
Jaime Jolene Lynch,0.531
Lucy Calista Rhodes,0.548
Lareina Kylie Madden,0.581
Drew Martin Briggs,0.504
Kelsie Deborah Pate,0.554
Cherokee Yael Galloway,0.519
Xenos Nicolas Church,0.42800000000000005
Maggie Kimberley Keith,0.46
Abdul Joel Rivera,0.41600000000000004
Isadora Flavia Douglas,0.5920000000000001
Reese Caldwell Larson,0.507
Myra Eliana Cain,0.51
Kameko Althea Gentry,0.5950000000000001
Ava Violet Goff,0.473
Clarke Paul White,0.4620000000000001
Shafira Zorita Noble,0.55
Hiroko Mercedes Conley,0.44699999999999995
Jolie Vivien Chen,0.472
Thomas Casey Case,0.45500000000000007
Maia Christine Walsh,0.505
Ebony Carla Yang,0.448
Kelsie Veda Flowers,0.511
Fitzgerald Lamar Moses,0.527
Kenneth Brandon Curtis,0.391
Urielle Courtney Mosley,0.533
Jane Alisa Griffin,0.519
Albert Slade Ochoa,0.476
Melinda Jessica Wiley,0.485
Sage Melissa Scott,0.549
Jolie Quemby Stafford,0.5720000000000001
Fatima Dakota Santana,0.488
Winter Dai Patton,0.5259999999999999
Holmes Thomas Maddox,0.443
Kitra Harriet Hunter,0.534
Zoe Caryn Bowen,0.55
Rebecca Maya Haynes,0.483
Omar Tyler Bailey,0.506
Marsden Calvin Barker,0.508
Samson Louis Lynch,0.486
Yen Karly Woodward,0.475
Samson Dakota French,0.496
Alea Quin Lynch,0.475
Laurel Kathleen Carson,0.534
Noah Jeremy Vasquez,0.562
Darrel Delilah Snow,0.493
Shaine Ori Pearson,0.42300000000000004
Clinton Armando Stokes,0.45699999999999996
Caesar Tate Keller,0.5030000000000001
Cheryl Geraldine Sawyer,0.5609999999999999
Evangeline Sybil Hogan,0.533
Hilel Xenos Peterson,0.479
Regina Ivana Sweeney,0.551
Lois Rinah Fuentes,0.42300000000000004
Neil Kasimir Dickerson,0.51
Alma Claudia Emerson,0.5860000000000001
Rae Wilma Roman,0.494
Lawrence Ivan Gill,0.45299999999999996
Fredericka Ginger Anderson,0.538
Chiquita Cora Burns,0.43799999999999994
David Aaron Doyle,0.45799999999999996
Samuel Keith Hodges,0.44600000000000006
Pearl Tatiana Hickman,0.593
Matthew Zachary Oneill,0.494
Benjamin Kennan Franklin,0.444
Willa Nell Bullock,0.47900000000000004
Dennis Marvin Navarro,0.42100000000000004
Neve Julie Burton,0.507
Hakeem Ray Guerrero,0.45799999999999996
Reed Jack Mooney,0.533
Jolie Quynn Castaneda,0.471
Benjamin Stuart Diaz,0.545
Emmanuel Norman Buckley,0.4590000000000001
Nicolas Elvis Ratliff,0.43600000000000005
Claire Keelie Horne,0.546
Dominique Ima Merritt,0.5549999999999999
Daniel Philip Leblanc,0.482
Priscilla Meghan Chang,0.562
Odette Kay Mueller,0.503
Yoshio Evan Goff,0.47900000000000004
Deacon Nigel Grant,0.4780000000000001
Evangeline Lysandra Mcconnell,0.48
Ramona Brenda Dorsey,0.5800000000000001
Zenaida Nina Peterson,0.474
Ignacia Glenna Gallegos,0.452
Lester Kaseem Pugh,0.5920000000000001
Rhona Maite Kennedy,0.473
Audrey Xandra Parrish,0.5710000000000001
Thane Darius Kent,0.45
Charde Dacey Gibbs,0.483
Lucius Seth Flynn,0.47200000000000003
Mark Jack Foster,0.519
Jermaine Bradley Ingram,0.494
Aileen Dai Christian,0.5910000000000001
William Grady Francis,0.473
Sade Illiana Hays,0.536
Xenos Jerry Hickman,0.456
Destiny Iola Berg,0.46399999999999997
Gregory Victor Mccarty,0.491
Tatum Tana Daniel,0.46099999999999997
Ivy Dahlia Cantu,0.559
Keane Tanner Sanchez,0.47900000000000004
Sylvester Cooper Cervantes,0.45199999999999996
Aladdin Clark Craig,0.43200000000000005
Cain Dalton Barron,0.542
Ralph Oliver Butler,0.478
Autumn Abra Wheeler,0.532
Hadassah Delilah Mitchell,0.42500000000000004
Quemby Cara Roy,0.489
Eliana Patience Bonner,0.514
Flynn Malachi Hurley,0.481
Shad Jack Dillon,0.518
Travis Colorado Weaver,0.44499999999999995
Baxter Lucas Klein,0.44899999999999995
Linus John Vance,0.44600000000000006
Lesley Aiko Holloway,0.483
Flynn Craig Wong,0.534
Xerxes Ashton Moses,0.46199999999999997
Miriam Melissa Marquez,0.471
Chastity Stephanie Ward,0.45299999999999996
Alana Lillian Nielsen,0.44499999999999995
Thomas Dane Baxter,0.486
Risa Elizabeth French,0.52
Aretha Regan Bernard,0.52
Walter Cameron William,0.505
Rogan Troy Ball,0.45600000000000007
Jeremy Lucius Mathews,0.545
Ignacia Karleigh Strickland,0.42900000000000005
Ina Kelsey Webster,0.534
Whoopi Mariko Short,0.44399999999999995
Camilla Marny Brewer,0.502
Aladdin Merritt Garner,0.49700000000000005
Aimee Hanae Dillon,0.503
